title,runtime,genre(s),director(s),writer(s),actor(s),rating(s),number of rating(s)
The Shawshank Redemption,142,Frank Darabont,Stephen King; Frank Darabont,Tim Robbins; Morgan Freeman; Bob Gunton,9.3,1551966
The Godfather,175,Francis Ford Coppola,Mario Puzo; Francis Ford Coppola,Marlon Brando; Al Pacino; James Caan,9.2,1062440
The Godfather: Part II,202,Francis Ford Coppola,Francis Ford Coppola; Mario Puzo,Al Pacino; Robert De Niro; Robert Duvall,9.0,719526
The Dark Knight,152,Christopher Nolan,Jonathan Nolan; Christopher Nolan,Christian Bale; Heath Ledger; Aaron Eckhart,9.0,1527299
12 Angry Men,96,Sidney Lumet,Reginald Rose,Henry Fonda; Lee J. Cobb; Martin Balsam,8.9,402528
Schindler's List,195,Steven Spielberg,Thomas Keneally; Steven Zaillian,Liam Neeson; Ralph Fiennes; Ben Kingsley,8.9,790177
Pulp Fiction,154,Quentin Tarantino,Quentin Tarantino; Roger Avary,John Travolta; Uma Thurman; Samuel L. Jackson,8.9,1209674
"Il buono, il brutto, il cattivo",161,Sergio Leone,Luciano Vincenzoni; Sergio Leone,Clint Eastwood; Eli Wallach; Lee Van Cleef,8.9,463517
The Lord of the Rings: The Return of the King,201,Peter Jackson,J.R.R. Tolkien; Fran Walsh,Elijah Wood; Viggo Mortensen; Ian McKellen,8.9,1113059
Fight Club,139,David Fincher,Chuck Palahniuk; Jim Uhls,Brad Pitt; Edward Norton; Helena Bonham Carter,8.9,1225419
The Lord of the Rings: The Fellowship of the Ring,178,Peter Jackson,J.R.R. Tolkien; Fran Walsh,Elijah Wood; Ian McKellen; Orlando Bloom,8.8,1137538
Star Wars: Episode V - The Empire Strikes Back,124,Irvin Kershner,Leigh Brackett; Lawrence Kasdan,Mark Hamill; Harrison Ford; Carrie Fisher,8.8,728298
Forrest Gump,142,Robert Zemeckis,Winston Groom; Eric Roth,Tom Hanks; Robin Wright; Gary Sinise,8.8,1125462
Inception,148,Christopher Nolan,Christopher Nolan,Leonardo DiCaprio; Joseph Gordon-Levitt; Ellen Page,8.8,1326530
One Flew Over the Cuckoo's Nest,133,Milos Forman,Lawrence Hauben; Bo Goldman,Jack Nicholson; Louise Fletcher; Michael Berryman,8.7,626928
The Lord of the Rings: The Two Towers,179,Peter Jackson,J.R.R. Tolkien; Fran Walsh,Elijah Wood; Ian McKellen; Viggo Mortensen,8.7,1004008
Goodfellas,146,Martin Scorsese,Nicholas Pileggi; Nicholas Pileggi,Robert De Niro; Ray Liotta; Joe Pesci,8.7,668034
The Matrix,136,Andy Wachowski; Lana Wachowski,Andy Wachowski; Lana Wachowski,Keanu Reeves; Laurence Fishburne; Carrie-Anne Moss,8.7,1113664
Star Wars: Episode IV - A New Hope,121,George Lucas,George Lucas,Mark Hamill; Harrison Ford; Carrie Fisher,8.7,798504
Shichinin no samurai,207,Akira Kurosawa,Akira Kurosawa; Shinobu Hashimoto,Toshirô Mifune; Takashi Shimura; Keiko Tsushima,8.7,212371
City of God,130,Fernando Meirelles; Kátia Lund,Paulo Lins; Bráulio Mantovani,Alexandre Rodrigues; Matheus Nachtergaele; Leandro Firmino,8.7,491875
Se7en,127,David Fincher,Andrew Kevin Walker,Morgan Freeman; Brad Pitt; Kevin Spacey,8.6,931772
The Silence of the Lambs,118,Jonathan Demme,Thomas Harris; Ted Tally,Jodie Foster; Anthony Hopkins; Lawrence A. Bonney,8.6,801427
The Usual Suspects,106,Bryan Singer,Christopher McQuarrie,Kevin Spacey; Gabriel Byrne; Chazz Palminteri,8.6,679967
It's a Wonderful Life,130,Frank Capra,Frances Goodrich; Albert Hackett,James Stewart; Donna Reed; Lionel Barrymore,8.6,250151
La vita è bella,116,Roberto Benigni,Vincenzo Cerami; Roberto Benigni,Roberto Benigni; Nicoletta Braschi; Giorgio Cantarini,8.6,375950
Léon,110,Luc Besson,Luc Besson,Jean Reno; Gary Oldman; Natalie Portman,8.6,660483
Once Upon a Time in the West,175,Sergio Leone,Sergio Donati; Sergio Leone,Henry Fonda; Charles Bronson; Claudia Cardinale,8.6,198701
Interstellar,169,Christopher Nolan,Jonathan Nolan; Christopher Nolan,Matthew McConaughey; Anne Hathaway; Jessica Chastain,8.7,763633
Saving Private Ryan,169,Steven Spielberg,Robert Rodat,Tom Hanks; Matt Damon; Tom Sizemore,8.6,800785
De reis van Chihiro,125,Hayao Miyazaki,Hayao Miyazaki,Daveigh Chase; Suzanne Pleshette; Miyu Irino,8.6,373537
American History X,119,Tony Kaye,David McKenna,Edward Norton; Edward Furlong; Beverly D'Angelo,8.6,719506
Casablanca,102,Michael Curtiz,Julius J. Epstein; Philip G. Epstein,Humphrey Bogart; Ingrid Bergman; Paul Henreid,8.6,360605
Psycho,109,Alfred Hitchcock,Joseph Stefano; Robert Bloch,Anthony Perkins; Janet Leigh; Vera Miles,8.6,385907
City Lights,87,Charles Chaplin,Charles Chaplin,Charles Chaplin; Virginia Cherrill; Florence Lee,8.6,96826
Indiana Jones and the Raiders of the Lost Ark,115,Steven Spielberg,Lawrence Kasdan; George Lucas,Harrison Ford; Karen Allen; Paul Freeman,8.6,605525
Rear Window,112,Alfred Hitchcock,John Michael Hayes; Cornell Woolrich,James Stewart; Grace Kelly; Wendell Corey,8.5,289943
The Intouchables,112,Olivier Nakache; Eric Toledano,Olivier Nakache; Eric Toledano,François Cluzet; Omar Sy; Anne Le Ny,8.6,440948
Modern Times,87,Charles Chaplin,Charles Chaplin,Charles Chaplin; Paulette Goddard; Henry Bergman,8.6,127453
The Green Mile,189,Frank Darabont,Stephen King; Frank Darabont,Tom Hanks; Michael Clarke Duncan; David Morse,8.5,703469
Terminator 2: Judgment Day,137,James Cameron,James Cameron; William Wisher Jr.,Arnold Schwarzenegger; Linda Hamilton; Edward Furlong,8.5,682930
Whiplash,107,Damien Chazelle,Damien Chazelle,Miles Teller; J.K. Simmons; Melissa Benoist,8.5,306765
The Pianist,150,Roman Polanski,Ronald Harwood; Wladyslaw Szpilman,Adrien Brody; Thomas Kretschmann; Frank Finlay,8.5,450084
The Departed,151,Martin Scorsese,William Monahan; Alan Mak,Leonardo DiCaprio; Matt Damon; Jack Nicholson,8.5,794000
Memento,113,Christopher Nolan,Christopher Nolan; Jonathan Nolan,Guy Pearce; Carrie-Anne Moss; Joe Pantoliano,8.5,778552
Back to the Future,116,Robert Zemeckis,Robert Zemeckis; Bob Gale,Michael J. Fox; Christopher Lloyd; Lea Thompson,8.5,658121
Gladiator,155,Ridley Scott,David Franzoni; David Franzoni,Russell Crowe; Joaquin Phoenix; Connie Nielsen,8.5,895874
Apocalypse Now,153,Francis Ford Coppola,John Milius; Francis Ford Coppola,Martin Sheen; Marlon Brando; Robert Duvall,8.5,416741
Dr. Strangelove or: How I Learned to Stop Worrying and Love the Bomb,95,Stanley Kubrick,Stanley Kubrick; Terry Southern,Peter Sellers; George C. Scott; Sterling Hayden,8.5,317772
Sunset Blvd.,110,Billy Wilder,Charles Brackett; Billy Wilder,William Holden; Gloria Swanson; Erich von Stroheim,8.5,128161
The Prestige,130,Christopher Nolan,Jonathan Nolan; Christopher Nolan,Christian Bale; Hugh Jackman; Scarlett Johansson,8.5,763232
Alien,117,Ridley Scott,Dan O'Bannon; Ronald Shusett,Sigourney Weaver; Tom Skerritt; John Hurt,8.5,515387
De leeuwenkoning,89,Roger Allers; Rob Minkoff,Irene Mecchi; Jonathan Roberts,Matthew Broderick; Jeremy Irons; James Earl Jones,8.5,575225
De dictator,125,Charles Chaplin,Charles Chaplin,Charles Chaplin; Paulette Goddard; Jack Oakie,8.5,122970
The Lives of Others,137,Florian Henckel von Donnersmarck,Florian Henckel von Donnersmarck,Ulrich Mühe; Martina Gedeck; Sebastian Koch,8.5,237585
Nuovo Cinema Paradiso,155,Giuseppe Tornatore,Giuseppe Tornatore; Giuseppe Tornatore,Philippe Noiret; Enzo Cannavale; Antonella Attili,8.5,137384
The Shining,146,Stanley Kubrick,Stephen King; Stanley Kubrick,Jack Nicholson; Shelley Duvall; Danny Lloyd,8.4,553583
Django Unchained,165,Quentin Tarantino,Quentin Tarantino,Jamie Foxx; Christoph Waltz; Leonardo DiCaprio,8.5,843812
Paths of Glory,88,Stanley Kubrick,Stanley Kubrick; Calder Willingham,Kirk Douglas; Ralph Meeker; Adolphe Menjou,8.5,109894
The Dark Knight Rises,164,Christopher Nolan,Jonathan Nolan; Christopher Nolan,Christian Bale; Tom Hardy; Anne Hathaway,8.5,1035900
WALL·E,98,Andrew Stanton,Andrew Stanton; Pete Docter,Ben Burtt; Elissa Knight; Jeff Garlin,8.4,646510
American Beauty,122,Sam Mendes,Alan Ball,Kevin Spacey; Annette Bening; Thora Birch,8.4,758611
Hotaru no haka,89,Isao Takahata,Akiyuki Nosaka; Isao Takahata,Tsutomu Tatsumi; Ayano Shiraishi; Akemi Yamaguchi,8.5,121754
Aliens,137,James Cameron,James Cameron; David Giler,Sigourney Weaver; Michael Biehn; Carrie Henn,8.4,450711
Citizen Kane,119,Orson Welles,Herman J. Mankiewicz; Orson Welles,Orson Welles; Joseph Cotten; Dorothy Comingore,8.4,276660
North by Northwest,136,Alfred Hitchcock,Ernest Lehman,Cary Grant; Eva Marie Saint; James Mason,8.4,204617
Oldeuboi,120,Chan-wook Park,Garon Tsuchiya; Nobuaki Minegishi,Min-sik Choi; Ji-tae Yu; Hye-jeong Kang,8.4,323146
Mononoke-hime,134,Hayao Miyazaki,Hayao Miyazaki,Yôji Matsuda; Yuriko Ishida; Yûko Tanaka,8.4,200084
Vertigo,128,Alfred Hitchcock,Alec Coppel; Samuel A. Taylor,James Stewart; Kim Novak; Barbara Bel Geddes,8.4,226452
Star Wars: Episode VI - Return of the Jedi,134,Richard Marquand,Lawrence Kasdan; George Lucas,Mark Hamill; Harrison Ford; Carrie Fisher,8.4,580834
Das Boot,149,Wolfgang Petersen,Wolfgang Petersen; Lothar G. Buchheim,Jürgen Prochnow; Herbert Grönemeyer; Klaus Wennemann,8.4,155763
M,117,Fritz Lang,Thea von Harbou; Fritz Lang,Peter Lorre; Ellen Widmann; Inge Landgut,8.4,91182
Once Upon a Time in America,229,Sergio Leone,Harry Grey; Leonardo Benvenuti,Robert De Niro; James Woods; Elizabeth McGovern,8.4,201953
Amélie,122,Jean-Pierre Jeunet,Guillaume Laurant; Jean-Pierre Jeunet,Audrey Tautou; Mathieu Kassovitz; Rufus,8.4,490602
Witness for the Prosecution,116,Billy Wilder,Agatha Christie; Billy Wilder,Tyrone Power; Marlene Dietrich; Charles Laughton,8.4,55781
Inside Out,94,Pete Docter; Ronnie Del Carmen,Pete Docter; Ronnie Del Carmen,Amy Poehler; Bill Hader; Lewis Black,8.4,173873
Reservoir Dogs,99,Quentin Tarantino,Quentin Tarantino; Roger Avary,Harvey Keitel; Tim Roth; Michael Madsen,8.4,601739
Braveheart,178,Mel Gibson,Randall Wallace,Mel Gibson; Sophie Marceau; Patrick McGoohan,8.4,676419
Toy Story 3,103,Lee Unkrich,John Lasseter; Andrew Stanton,Tom Hanks; Tim Allen; Joan Cusack,8.4,490592
A Clockwork Orange,136,Stanley Kubrick,Stanley Kubrick; Anthony Burgess,Malcolm McDowell; Patrick Magee; Michael Bates,8.4,508851
Requiem for a Dream,102,Darren Aronofsky,Hubert Selby Jr.; Hubert Selby Jr.,Ellen Burstyn; Jared Leto; Jennifer Connelly,8.4,528260
Taxi Driver,113,Martin Scorsese,Paul Schrader,Robert De Niro; Jodie Foster; Cybill Shepherd,8.4,461234
Double Indemnity,107,Billy Wilder,Billy Wilder; Raymond Chandler,Fred MacMurray; Barbara Stanwyck; Edward G. Robinson,8.4,89621
To Kill a Mockingbird,129,Robert Mulligan,Harper Lee; Horton Foote,Gregory Peck; John Megna; Frank Overton,8.4,195545
Lawrence of Arabia,216,David Lean,T.E. Lawrence; Robert Bolt,Peter O'Toole; Alec Guinness; Anthony Quinn,8.4,176265
Eternal Sunshine of the Spotless Mind,108,Michel Gondry,Charlie Kaufman; Michel Gondry,Jim Carrey; Kate Winslet; Tom Wilkinson,8.4,610606
Full Metal Jacket,116,Stanley Kubrick,Gustav Hasford; Stanley Kubrick,Matthew Modine; R. Lee Ermey; Vincent D'Onofrio,8.3,441431
Amadeus,160,Milos Forman,Peter Shaffer; Peter Shaffer,F. Murray Abraham; Tom Hulce; Elizabeth Berridge,8.3,248150
The Sting,129,George Roy Hill,David S. Ward,Paul Newman; Robert Redford; Robert Shaw,8.3,161022
Singin' in the Rain,103,Stanley Donen; Gene Kelly,Adolph Green; Betty Comden,Gene Kelly; Donald O'Connor; Debbie Reynolds,8.4,137333
Ladri di biciclette,93,Vittorio De Sica,Cesare Zavattini; Luigi Bartolini,Lamberto Maggiorani; Enzo Staiola; Lianella Carell,8.4,85271
2001: A Space Odyssey,160,Stanley Kubrick,Stanley Kubrick; Arthur C. Clarke,Keir Dullea; Gary Lockwood; William Sylvester,8.3,387902
Snatch.,104,Guy Ritchie,Guy Ritchie,Jason Statham; Brad Pitt; Benicio Del Toro,8.3,554598
Monty Python and the Holy Grail,91,Terry Gilliam; Terry Jones,Graham Chapman; John Cleese,Graham Chapman; John Cleese; Eric Idle,8.3,353669
The Kid,68,Charles Chaplin,Charles Chaplin,Charles Chaplin; Edna Purviance; Jackie Coogan,8.4,58927
Toy Story,81,John Lasseter,John Lasseter; Pete Docter,Tom Hanks; Tim Allen; Don Rickles,8.3,559485
Per qualche dollaro in più,132,Sergio Leone,Sergio Leone; Fulvio Morsella,Clint Eastwood; Lee Van Cleef; Gian Maria Volonté,8.3,141307
Rashômon,88,Akira Kurosawa,Ryûnosuke Akutagawa; Akira Kurosawa,Toshirô Mifune; Machiko Kyô; Masayuki Mori,8.3,93711
L.A. Confidential,138,Curtis Hanson,James Ellroy; Brian Helgeland,Kevin Spacey; Russell Crowe; Guy Pearce,8.3,386754
Inglourious Basterds,153,Quentin Tarantino; Eli Roth,Quentin Tarantino,Brad Pitt; Diane Kruger; Eli Roth,8.3,790025
The Apartment,125,Billy Wilder,Billy Wilder; I.A.L. Diamond,Jack Lemmon; Shirley MacLaine; Fred MacMurray,8.3,99501
All About Eve,138,Joseph L. Mankiewicz,Joseph L. Mankiewicz,Bette Davis; Anne Baxter; George Sanders,8.4,76596
Indiana Jones and the Last Crusade,127,Steven Spielberg,Jeffrey Boam; George Lucas,Harrison Ford; Sean Connery; Alison Doody,8.3,470260
The Treasure of the Sierra Madre,126,John Huston,John Huston; B. Traven,Humphrey Bogart; Walter Huston; Tim Holt,8.3,73141
Jodaeiye Nader az Simin,123,Asghar Farhadi,Asghar Farhadi,Peyman Moaadi; Leila Hatami; Sareh Bayat,8.4,138842
Metropolis,153,Fritz Lang,Thea von Harbou; Thea von Harbou,Brigitte Helm; Alfred Abel; Gustav Fröhlich,8.3,102305
Yôjinbô,110,Akira Kurosawa,Akira Kurosawa; Akira Kurosawa,Toshirô Mifune; Eijirô Tôno; Tatsuya Nakadai,8.3,67733
Scarface,170,Brian De Palma,Oliver Stone,Al Pacino; Michelle Pfeiffer; Steven Bauer,8.3,492607
Some Like It Hot,120,Billy Wilder,Billy Wilder; I.A.L. Diamond,Marilyn Monroe; Tony Curtis; Jack Lemmon,8.3,161687
Batman Begins,140,Christopher Nolan,Bob Kane; David S. Goyer,Christian Bale; Michael Caine; Ken Watanabe,8.3,885058
The Third Man,104,Carol Reed,Graham Greene; Graham Greene,Orson Welles; Joseph Cotten; Alida Valli,8.3,105099
Unforgiven,131,Clint Eastwood,David Webb Peoples,Clint Eastwood; Gene Hackman; Morgan Freeman,8.3,256161
3 Idiots,170,Rajkumar Hirani,Rajkumar Hirani; Abhijat Joshi,Aamir Khan; Madhavan; Mona Singh,8.5,177745
Up,96,Pete Docter; Bob Peterson,Pete Docter; Bob Peterson,Edward Asner; Jordan Nagai; John Ratzenberger,8.3,593567
Raging Bull,129,Martin Scorsese,Jake LaMotta; Joseph Carter,Robert De Niro; Cathy Moriarty; Joe Pesci,8.3,217365
Jagten,115,Thomas Vinterberg,Tobias Lindholm; Thomas Vinterberg,Mads Mikkelsen; Thomas Bo Larsen; Annika Wedderkopp,8.3,145667
Der Untergang,156,Oliver Hirschbiegel,Bernd Eichinger; Joachim Fest,Bruno Ganz; Alexandra Maria Lara; Ulrich Matthes,8.3,230458
Good Will Hunting,126,Gus Van Sant,Matt Damon; Ben Affleck,Robin Williams; Matt Damon; Ben Affleck,8.3,549261
The Great Escape,172,John Sturges,Paul Brickhill; James Clavell,Steve McQueen; James Garner; Richard Attenborough,8.3,152462
Chinatown,130,Roman Polanski,Robert Towne,Jack Nicholson; Faye Dunaway; John Huston,8.3,199396
Die Hard,131,John McTiernan,Roderick Thorp; Jeb Stuart,Bruce Willis; Alan Rickman; Bonnie Bedelia,8.3,546440
Heat,170,Michael Mann,Michael Mann,Al Pacino; Robert De Niro; Val Kilmer,8.3,400341
On the Waterfront,108,Elia Kazan,Budd Schulberg; Budd Schulberg,Marlon Brando; Karl Malden; Lee J. Cobb,8.3,92224
Pan's Labyrinth,118,Guillermo del Toro,Guillermo del Toro,Ivana Baquero; Ariadna Gil; Sergi López,8.2,431029
Mr. Smith Goes to Washington,129,Frank Capra,Sidney Buchman; Lewis R. Foster,James Stewart; Jean Arthur; Claude Rains,8.3,71616
The Bridge on the River Kwai,161,David Lean,Pierre Boulle; Carl Foreman,William Holden; Alec Guinness; Jack Hawkins,8.2,136909
Tonari no Totoro,86,Hayao Miyazaki,Hayao Miyazaki,Hitoshi Takagi; Noriko Hidaka; Chika Sakamoto,8.3,150467
Ran,162,Akira Kurosawa,Akira Kurosawa; Hideo Oguni,Tatsuya Nakadai; Akira Terao; Jinpachi Nezu,8.3,71396
The Gold Rush,95,Charles Chaplin,Charles Chaplin,Charles Chaplin; Mack Swain; Tom Murray,8.3,61185
Ikiru,143,Akira Kurosawa,Akira Kurosawa; Shinobu Hashimoto,Takashi Shimura; Nobuo Kaneko; Shin'ichi Himori,8.3,38130
Det sjunde inseglet,96,Ingmar Bergman,Ingmar Bergman; Ingmar Bergman,Max von Sydow; Gunnar Björnstrand; Bengt Ekerot,8.3,102409
Blade Runner,117,Ridley Scott,Hampton Fancher; David Webb Peoples,Harrison Ford; Rutger Hauer; Sean Young,8.2,427811
El secreto de sus ojos,129,Juan José Campanella,Eduardo Sacheri; Juan José Campanella,Ricardo Darín; Soledad Villamil; Pablo Rago,8.2,115023
Smultronstället,91,Ingmar Bergman,Ingmar Bergman,Victor Sjöström; Bibi Andersson; Ingrid Thulin,8.3,57907
"Lock, Stock and Two Smoking Barrels",107,Guy Ritchie,Guy Ritchie,Jason Flemyng; Dexter Fletcher; Nick Moran,8.2,385497
The General,67,Clyde Bruckman; Buster Keaton,Buster Keaton; Clyde Bruckman,Buster Keaton; Marion Mack; Glen Cavender,8.3,48238
The Elephant Man,124,David Lynch,Christopher De Vore; Eric Bergren,Anthony Hopkins; John Hurt; Anne Bancroft,8.2,150200
Mad Max: Fury Road,120,George Miller,George Miller; Brendan McCarthy,Tom Hardy; Charlize Theron; Nicholas Hoult,8.2,367244
Casino,178,Martin Scorsese,Nicholas Pileggi; Nicholas Pileggi,Robert De Niro; Sharon Stone; Joe Pesci,8.2,305322
Hauru no ugoku shiro,119,Hayao Miyazaki,Hayao Miyazaki; Diana Wynne Jones,Chieko Baishô; Takuya Kimura; Tatsuya Gashûin,8.2,191264
Warrior,140,Gavin O'Connor,Gavin O'Connor; Anthony Tambakis,Tom Hardy; Nick Nolte; Joel Edgerton,8.2,301103
The Wolf of Wall Street,180,Martin Scorsese,Terence Winter; Jordan Belfort,Leonardo DiCaprio; Jonah Hill; Margot Robbie,8.2,666574
Gran Torino,116,Clint Eastwood,Nick Schenk; Dave Johannson,Clint Eastwood; Bee Vang; Christopher Carley,8.2,519266
V for Vendetta,132,James McTeigue,Andy Wachowski; Lana Wachowski,Hugo Weaving; Natalie Portman; Rupert Graves,8.2,725887
The Big Lebowski,117,Joel Coen; Ethan Coen,Ethan Coen; Joel Coen,Jeff Bridges; John Goodman; Julianne Moore,8.2,491535
Oordeel te Neurenberg,186,Stanley Kramer,Abby Mann; Abby Mann,Spencer Tracy; Burt Lancaster; Richard Widmark,8.3,39545
Rebecca,130,Alfred Hitchcock,Daphne Du Maurier; Robert E. Sherwood,Laurence Olivier; Joan Fontaine; George Sanders,8.2,80775
A Beautiful Mind,135,Ron Howard,Akiva Goldsman; Sylvia Nasar,Russell Crowe; Ed Harris; Jennifer Connelly,8.2,549565
The Martian,144,Ridley Scott,Drew Goddard; Andy Weir,Matt Damon; Jessica Chastain; Kristen Wiig,8.2,151278
The Deer Hunter,183,Michael Cimino,Michael Cimino; Deric Washburn,Robert De Niro; Christopher Walken; John Cazale,8.2,215683
How to Train Your Dragon,98,Dean DeBlois; Chris Sanders,William Davies; Dean DeBlois,Jay Baruchel; Gerard Butler; Christopher Mintz-Plasse,8.2,435391
Cool Hand Luke,126,Stuart Rosenberg,Donn Pearce; Frank Pierson,Paul Newman; George Kennedy; Strother Martin,8.2,111431
Gone with the Wind,238,Victor Fleming; George Cukor,Margaret Mitchell; Sidney Howard,Clark Gable; Vivien Leigh; Thomas Mitchell,8.2,198708
Fargo,98,Joel Coen; Ethan Coen,Ethan Coen; Joel Coen,William H. Macy; Frances McDormand; Steve Buscemi,8.2,412714
Trainspotting,94,Danny Boyle,Irvine Welsh; John Hodge,Ewan McGregor; Ewen Bremner; Jonny Lee Miller,8.2,433446
Dial M for Murder,105,Alfred Hitchcock,Frederick Knott; Frederick Knott,Ray Milland; Grace Kelly; Robert Cummings,8.2,96095
Het gebeurde op 'n avond,105,Frank Capra,Robert Riskin; Samuel Hopkins Adams,Clark Gable; Claudette Colbert; Walter Connolly,8.2,58905
Into the Wild,148,Sean Penn,Sean Penn; Jon Krakauer,Emile Hirsch; Vince Vaughn; Catherine Keener,8.2,388102
The Sixth Sense,107,M. Night Shyamalan,M. Night Shyamalan,Bruce Willis; Haley Joel Osment; Toni Collette,8.2,652113
Gone Girl,149,David Fincher,Gillian Flynn; Gillian Flynn,Ben Affleck; Rosamund Pike; Neil Patrick Harris,8.2,484443
Incendies,139,Denis Villeneuve,Denis Villeneuve; Wajdi Mouawad,Lubna Azabal; Mélissa Désormeaux-Poulin; Maxim Gaudette,8.2,69390
Finding Nemo,100,Andrew Stanton; Lee Unkrich,Andrew Stanton; Andrew Stanton,Albert Brooks; Ellen DeGeneres; Alexander Gould,8.2,617816
Rush,123,Ron Howard,Peter Morgan,Daniel Brühl; Chris Hemsworth; Olivia Wilde,8.2,274573
Mary and Max,92,Adam Elliot,Adam Elliot,Toni Collette; Philip Seymour Hoffman; Eric Bana,8.2,107396
The Thing,109,John Carpenter,Bill Lancaster; John W. Campbell Jr.,Kurt Russell; Wilford Brimley; Keith David,8.2,236024
No Country for Old Men,122,Ethan Coen; Joel Coen,Joel Coen; Ethan Coen,Tommy Lee Jones; Javier Bardem; Josh Brolin,8.1,559636
The Maltese Falcon,100,John Huston,John Huston; Dashiell Hammett,Humphrey Bogart; Mary Astor; Gladys George,8.2,104612
Kill Bill: Vol. 1,111,Quentin Tarantino,Quentin Tarantino; Quentin Tarantino,Uma Thurman; David Carradine; Daryl Hannah,8.1,671209
Hotel Rwanda,121,Terry George,Keir Pearson; Terry George,Don Cheadle; Sophie Okonedo; Joaquin Phoenix,8.1,244779
Le salaire de la peur,131,Henri-Georges Clouzot,Georges Arnaud; Henri-Georges Clouzot,Yves Montand; Charles Vanel; Peter van Eyck,8.2,32223
Life of Brian,94,Terry Jones,Graham Chapman; John Cleese,Graham Chapman; John Cleese; Michael Palin,8.1,250685
Platoon,120,Oliver Stone,Oliver Stone,Charlie Sheen; Tom Berenger; Willem Dafoe,8.1,270458
Butch Cassidy and the Sundance Kid,110,George Roy Hill,William Goldman,Paul Newman; Robert Redford; Katharine Ross,8.1,139231
There Will Be Blood,158,Paul Thomas Anderson,Paul Thomas Anderson; Upton Sinclair,Daniel Day-Lewis; Paul Dano; Ciarán Hinds,8.1,342533
Network,121,Sidney Lumet,Paddy Chayefsky,Faye Dunaway; William Holden; Peter Finch,8.1,94693
Les quatre cents coups,99,François Truffaut,François Truffaut; Marcel Moussy,Jean-Pierre Léaud; Albert Rémy; Claire Maurier,8.2,64018
Touch of Evil,95,Orson Welles,Orson Welles; Whit Masterson,Charlton Heston; Orson Welles; Janet Leigh,8.2,67330
Stand by Me,89,Rob Reiner,Stephen King; Raynold Gideon,Wil Wheaton; River Phoenix; Corey Feldman,8.1,250412
Persona,85,Ingmar Bergman,Ingmar Bergman,Bibi Andersson; Liv Ullmann; Margaretha Krook,8.2,54926
12 Years a Slave,134,Steve McQueen,John Ridley; Solomon Northup,Chiwetel Ejiofor; Michael Kenneth Williams; Michael Fassbender,8.1,381214
The Princess Bride,98,Rob Reiner,William Goldman; William Goldman,Cary Elwes; Mandy Patinkin; Robin Wright,8.1,272113
In the Name of the Father,133,Jim Sheridan,Gerry Conlon; Terry George,Daniel Day-Lewis; Pete Postlethwaite; Alison Crosbie,8.1,98999
Amores perros,154,Alejandro González Iñárritu,Guillermo Arriaga,Emilio Echevarría; Gael García Bernal; Goya Toledo,8.1,160570
The Grand Budapest Hotel,99,Wes Anderson,Stefan Zweig; Wes Anderson,Ralph Fiennes; F. Murray Abraham; Mathieu Amalric,8.1,400905
Million Dollar Baby,132,Clint Eastwood,Paul Haggis; F.X. Toole,Hilary Swank; Clint Eastwood; Morgan Freeman,8.1,441046
Annie Hall,93,Woody Allen,Woody Allen; Marshall Brickman,Woody Allen; Diane Keaton; Tony Roberts,8.1,175880
Ben Hur,212,William Wyler,Lew Wallace; Karl Tunberg,Charlton Heston; Jack Hawkins; Stephen Boyd,8.1,146438
The Grapes of Wrath,129,John Ford,Nunnally Johnson; John Steinbeck,Henry Fonda; Jane Darwell; John Carradine,8.1,57688
Shutter Island,138,Martin Scorsese,Laeta Kalogridis; Dennis Lehane,Leonardo DiCaprio; Emily Mortimer; Mark Ruffalo,8.1,701448
Kaze no tani no Naushika,117,Hayao Miyazaki,Hayao Miyazaki; Hayao Miyazaki,Sumi Shimamoto; Mahito Tsujimura; Hisako Kyôda,8.1,85761
Hachi: A Dog's Tale,93,Lasse Hallström,Stephen P. Lindsey; Kaneto Shindô,Richard Gere; Joan Allen; Cary-Hiroyuki Tagawa,8.2,130966
Demonen,116,Henri-Georges Clouzot,Pierre Boileau; Thomas Narcejac,Simone Signoret; Véra Clouzot; Paul Meurisse,8.2,38409
Relatos salvajes,122,Damián Szifrón,Damián Szifrón,Darío Grandinetti; María Marull; Mónica Villa,8.2,59820
Stalker,163,Andrei Tarkovsky,Arkadiy Strugatskiy; Boris Strugatskiy,Alisa Freyndlikh; Aleksandr Kaydanovskiy; Anatoliy Solonitsyn,8.2,61739
Gandhi,191,Richard Attenborough,John Briley,Ben Kingsley; John Gielgud; Candice Bergen,8.1,157297
Sin City,124,Frank Miller; Robert Rodriguez,Frank Miller,Mickey Rourke; Clive Owen; Bruce Willis,8.1,614880
De beste jaren van ons leven,172,William Wyler,Robert E. Sherwood; MacKinlay Kantor,Fredric March; Dana Andrews; Myrna Loy,8.2,37152
The Wizard of Oz,102,Victor Fleming; George Cukor,Noel Langley; Florence Ryerson,Judy Garland; Frank Morgan; Ray Bolger,8.1,267966
The Bourne Ultimatum,115,Paul Greengrass,Tony Gilroy; Scott Z. Burns,Matt Damon; Édgar Ramírez; Joan Allen,8.1,448454
Jurassic Park,127,Steven Spielberg,Michael Crichton; Michael Crichton,Sam Neill; Laura Dern; Jeff Goldblum,8.1,545657
Donnie Darko,113,Richard Kelly,Richard Kelly,Jake Gyllenhaal; Jena Malone; Mary McDonnell,8.1,538337
8½,138,Federico Fellini,Federico Fellini; Ennio Flaiano,Marcello Mastroianni; Anouk Aimée; Claudia Cardinale,8.1,72351
Strangers on a Train,101,Alfred Hitchcock,Raymond Chandler; Czenzi Ormonde,Farley Granger; Robert Walker; Ruth Roman,8.1,88023
Before Sunrise,105,Richard Linklater,Richard Linklater; Kim Krizan,Ethan Hawke; Julie Delpy; Andrea Eckert,8.1,165399
Twelve Monkeys,129,Terry Gilliam,Chris Marker; David Webb Peoples,Bruce Willis; Madeleine Stowe; Brad Pitt,8.1,428688
The Terminator,107,James Cameron,James Cameron; Gale Anne Hurd,Arnold Schwarzenegger; Linda Hamilton; Michael Biehn,8.1,548099
Mou gaan dou,101,Wai-Keung Lau; Alan Mak,Alan Mak; Felix Chong,Andy Lau; Tony Chiu Wai Leung; Anthony Chau-Sang Wong,8.1,85058
The Avengers,143,Joss Whedon,Joss Whedon; Zak Penn,Robert Downey Jr.; Chris Evans; Scarlett Johansson,8.1,896623
Groundhog Day,101,Harold Ramis,Danny Rubin; Harold Ramis,Bill Murray; Andie MacDowell; Chris Elliott,8.1,398312
Jaws,124,Steven Spielberg,Peter Benchley; Carl Gottlieb,Roy Scheider; Robert Shaw; Richard Dreyfuss,8.1,377619
"Monsters, Inc.",92,Pete Docter; David Silverman,Pete Docter; Jill Culton,Billy Crystal; John Goodman; Mary Gibbs,8.1,524544
De slag om Algiers,121,Gillo Pontecorvo,Gillo Pontecorvo; Franco Solinas,Brahim Hadjadj; Jean Martin; Yacef Saadi,8.2,33647
The Truman Show,103,Peter Weir,Andrew Niccol,Jim Carrey; Ed Harris; Laura Linney,8.1,606155
Salinui chueok,130,Joon-ho Bong,Joon-ho Bong; Kwang-rim Kim,Kang-ho Song; Sang-kyung Kim; Roe-ha Kim,8.1,57777
Harry Potter and the Deathly Hallows: Part 2,130,David Yates,Steve Kloves; J.K. Rowling,Daniel Radcliffe; Emma Watson; Rupert Grint,8.1,486890
Barry Lyndon,184,Stanley Kubrick,Stanley Kubrick; William Makepeace Thackeray,Ryan O'Neal; Marisa Berenson; Patrick Magee,8.1,92931
Fanny och Alexander,188,Ingmar Bergman,Ingmar Bergman,Bertil Guve; Pernilla Allwin; Kristina Adolphson,8.1,39415
Kumonosu-jô,110,Akira Kurosawa,Hideo Oguni; Shinobu Hashimoto,Toshirô Mifune; Minoru Chiaki; Isuzu Yamada,8.2,27629
Rocky,119,John G. Avildsen,Sylvester Stallone,Sylvester Stallone; Talia Shire; Burt Young,8.1,331696
Dog Day Afternoon,125,Sidney Lumet,Frank Pierson; P.F. Kluge,Al Pacino; John Cazale; Penelope Allen,8.1,169591
Guardians of the Galaxy,121,James Gunn,James Gunn; Nicole Perlman,Chris Pratt; Vin Diesel; Bradley Cooper,8.1,569826
La haine,98,Mathieu Kassovitz,Mathieu Kassovitz,Vincent Cassel; Hubert Koundé; Saïd Taghmaoui,8.1,94147
Yip Man,106,Wilson Yip,Edmond Wong; Chan Tai-Li,Donnie Yen; Simon Yam; Siu-Wong Fan,8.1,145125
Klokslag 12,85,Fred Zinnemann,Carl Foreman; John W. Cunningham,Gary Cooper; Grace Kelly; Thomas Mitchell,8.1,74197
The King's Speech,118,Tom Hooper,David Seidler,Colin Firth; Geoffrey Rush; Helena Bonham Carter,8.1,454216
The Imitation Game,114,Morten Tyldum,Graham Moore; Andrew Hodges,Benedict Cumberbatch; Keira Knightley; Matthew Goode,8.1,366761
Per un pugno di dollari,99,Sergio Leone,Adriano Bolzoni; Víctor Andrés Catena,Clint Eastwood; Gian Maria Volonté; Marianne Koch,8.1,130651
Pirates of the Caribbean: The Curse of the Black Pearl,143,Gore Verbinski,Ted Elliott; Terry Rossio,Johnny Depp; Geoffrey Rush; Orlando Bloom,8.1,743988
Prisoners,153,Denis Villeneuve,Aaron Guzikowski,Hugh Jackman; Jake Gyllenhaal; Viola Davis,8.1,332957
Notorious,101,Alfred Hitchcock,Ben Hecht,Cary Grant; Ingrid Bergman; Claude Rains,8.1,68781
Tenkû no shiro Rapyuta,124,Hayao Miyazaki,Hayao Miyazaki,Anna Paquin; James Van Der Beek; Cloris Leachman,8.1,88099
The Help,146,Tate Taylor,Tate Taylor; Kathryn Stockett,Emma Stone; Viola Davis; Octavia Spencer,8.1,292658
Roman Holiday,118,William Wyler,Ian McLellan Hunter; John Dighton,Gregory Peck; Audrey Hepburn; Eddie Albert,8.1,90957
Wie is bang voor Virginia Woolf?,131,Mike Nichols,Ernest Lehman,Elizabeth Taylor; Richard Burton; George Segal,8.1,51947
Papillon,151,Franklin J. Schaffner,Dalton Trumbo; Lorenzo Semple Jr.,Steve McQueen; Dustin Hoffman; Victor Jory,8.1,91492
Bom yeoreum gaeul gyeoul geurigo bom,103,Ki-duk Kim,Ki-duk Kim,Ki-duk Kim; Yeong-su Oh; Jong-ho Kim,8.1,57703
Belle en het Beest,84,Gary Trousdale; Kirk Wise,Linda Woolverton; Roger Allers,Paige O'Hara; Robby Benson; Jesse Corti,8.0,279212
The Night of the Hunter,92,Charles Laughton; Robert Mitchum,Davis Grubb; James Agee,Robert Mitchum; Shelley Winters; Lillian Gish,8.1,60018
Anatomy of a Murder,160,Otto Preminger,Wendell Mayes; John D. Voelker,James Stewart; Lee Remick; Ben Gazzara,8.1,42652
Before Sunset,80,Richard Linklater,Richard Linklater; Julie Delpy,Ethan Hawke; Julie Delpy; Vernon Dobtcheff,8.1,153554
La Strada,108,Federico Fellini,Federico Fellini; Tullio Pinelli,Anthony Quinn; Giulietta Masina; Richard Basehart,8.1,43914
Le samouraï,105,Jean-Pierre Melville,Jean-Pierre Melville; Georges Pellegrin,Alain Delon; Nathalie Delon; François Périer,8.1,29424
The Graduate,106,Mike Nichols,Calder Willingham; Buck Henry,Dustin Hoffman; Anne Bancroft; Katharine Ross,8.0,200135
La dolce vita,174,Federico Fellini,Federico Fellini; Ennio Flaiano,Marcello Mastroianni; Anita Ekberg; Anouk Aimée,8.1,45302
The Hustler,134,Robert Rossen,Sidney Carroll; Robert Rossen,Paul Newman; Jackie Gleason; Piper Laurie,8.1,59833
Fa yeung nin wa,98,Kar Wai Wong,Kar Wai Wong,Tony Chiu Wai Leung; Maggie Cheung; Ping Lam Siu,8.1,68739
Wat is er toch van Baby Jane terechtgekomen?,134,Robert Aldrich,Henry Farrell; Lukas Heller,Bette Davis; Joan Crawford; Victor Buono,8.1,28803
Tramlijn Begeerte,122,Elia Kazan,Tennessee Williams; Oscar Saul,Vivien Leigh; Marlon Brando; Kim Hunter,8.1,73574
Solaris,167,Andrei Tarkovsky,Stanislaw Lem; Fridrikh Gorenshteyn,Natalya Bondarchuk; Donatas Banionis; Jüri Järvet,8.1,49415
Trois couleurs: Rouge,99,Krzysztof Kieslowski,Krzysztof Kieslowski; Krzysztof Piesiewicz,Irène Jacob; Jean-Louis Trintignant; Frédérique Feder,8.1,59412
